{"train_metrics": [0.7738811767153552, 0.40270773406717925, 0.5532655581643928, 0.7121532431381167, 0.7333797548447929, 0.8153868171127863, 0.7722121523865509], "test_metrics": [0.766836002646589, 0.39235729854333473, 0.5597079594781423, 0.7076093079689735, 0.7301798367485574, 0.8120147874306839, 0.7689260688988624]}